ID	GRAPHEME	FREQUENCY
1	m	0.950463
2	k	0.933333
3	i	0.925000
4	a	0.907870
5	j	0.880093
6	u	0.867130
7	p	0.867130
8	w	0.838889
9	n	0.806481
10	s	0.769907
11	t	0.742593
12	b	0.709722
13	o	0.675463
14	e	0.675000
15	l	0.657870
16	h	0.650463
17	g	0.638889
18	ŋ	0.563426
19	d	0.537500
20	ɲ	0.492593
21	f	0.487963
22	tʃ	0.470370
23	ʔ	0.436111
24	ɛ	0.425926
25	ɔ	0.413889
26	ʃ	0.399074
27	r	0.377315
28	z	0.310648
29	ɾ	0.307407
30	d̠ʒ	0.299537
31	iː	0.290741
32	v	0.289815
33	aː	0.283333
34	uː	0.260185
35	˦	0.246759
36	˨	0.243981
37	t̪	0.242593
38	ts	0.237037
39	ə	0.235185
40	oː	0.230556
41	eː	0.229630
42	ĩ	0.222685
43	ã	0.221759
44	ũ	0.201852
45	ɨ	0.200463
46	x	0.181481
47	d̪	0.180093
48	kʰ	0.173148
49	ɡb	0.172222
50	kp	0.172222
51	n̪	0.170370
52	pʰ	0.168056
53	ɪ	0.167593
54	ʊ	0.157870
55	kʷ	0.153241
56	ʒ	0.143519
57	õ	0.141667
58	c	0.140741
59	ɣ	0.136574
60	ɓ	0.135648
61	mb	0.131481
62	ẽ	0.130556
63	˧	0.128241
64	ɟ	0.128241
65	ŋɡ	0.121759
66	nd	0.120833
67	β	0.118056
68	tʰ	0.115741
69	ɔː	0.114815
70	ɛː	0.114815
71	ɗ	0.111574
72	o̞	0.105556
73	e̞	0.103704
74	l̪	0.102778
75	dz	0.100000
76	ɛ̃	0.099537
77	s̪	0.097685
78	ɔ̃	0.094444
79	q	0.085648
80	kʼ	0.084722
81	ʈ	0.081944
82	ɡʷ	0.081019
83	ɖ	0.079630
84	t̪ʰ	0.073611
85	t̠ʃʰ	0.068056
86	t̠ʃʼ	0.067130
87	tʼ	0.065278
88	˦˨	0.065278
89	ɸ	0.064815
90	æ	0.063426
91	pʼ	0.062500
92	ɯ	0.061574
93	ɨ̃	0.059259
94	n̠d̠ʒ	0.058796
95	χ	0.058333
96	ɑ	0.058333
97	ʂ	0.057407
98	˨˦	0.055093
99	ɽ	0.054630
100	ɳ	0.054167
101	cç	0.053241
102	ɬ	0.052315
103	ŋʷ	0.051389
104	ç	0.050000
105	ɟʝ	0.047685
106	ʌ	0.047222
107	ʎ	0.045833
108	əː	0.044907
109	ɭ	0.044907
110	ð	0.044907
111	tsʼ	0.044444
112	tsʰ	0.044444
113	ŋmɡb	0.043981
114	ŋm	0.042593
115	ɪ̃	0.041667
116	θ	0.040278
117	y	0.038889
118	ʊ̃	0.038889
119	kʲ	0.037500
120	z̪	0.037500
121	ɦ	0.036574
122	mː	0.036574
123	ʊː	0.036111
124	ũː	0.035648
125	ʈʰ	0.035648
126	ĩː	0.035648
127	nː	0.035648
128	ɪː	0.035648
129	ə̃	0.035185
130	t̪s̪	0.035185
131	ɨː	0.033796
132	xʷ	0.031944
133	r̪	0.031944
134	õ̞	0.031481
135	˥	0.031481
136	kː	0.030556
137	hʷ	0.030556
138	qʼ	0.030093
139	ʁ	0.030093
140	lː	0.030093
141	ãː	0.029630
142	tʲ	0.028241
143	ɡʲ	0.027315
144	ai	0.027315
145	mʷ	0.025926
146	ŋɡʷ	0.025926
147	ħ	0.025463
148	ʈʂ	0.025463
149	t̪ʼ	0.025463
150	bʷ	0.025000
151	b̤	0.024537
152	˩	0.024537
153	cʰ	0.024537
154	ø	0.024074
155	bː	0.024074
156	˥˩	0.024074
157	ndz	0.024074
158	sː	0.023611
159	ẽ̞	0.023148
160	kʷʼ	0.022685
161	ʝ	0.022222
162	ʉ	0.022222
163	ɑː	0.022222
164	au	0.022222
165	ɤ	0.021759
166	pː	0.021759
167	tː	0.021759
168	nz	0.021759
169	ɱv	0.021759
170	ɡʰ	0.021759
171	cçʰ	0.021296
172	qʷ	0.021296
173	n̠	0.021296
174	ɡː	0.020833
175	m̥	0.020833
176	ʄ	0.020833
177	qʰ	0.020370
178	œ	0.020370
179	pʲ	0.020370
180	õː	0.019907
181	mʲ	0.019907
182	ɮ	0.019907
183	fʷ	0.019907
184	æː	0.019444
185	ɥ	0.019444
186	dʲ	0.018981
187	ʕ	0.018981
188	a̟	0.018981
189	jː	0.018981
190	pʷ	0.018981
191	χʷ	0.018519
192	ɐ	0.018519
193	ɹ	0.018519
194	ŋk	0.018519
195	d̪z̪	0.018519
196	ɖ̤	0.018056
197	d̪̤	0.018056
198	ɒ	0.018056
199	ʐ	0.018056
200	ɻ	0.018056
201	nt	0.018056
202	rː	0.017593
203	ɘ	0.017593
204	˩˥	0.017593
205	kʷʰ	0.017130
206	bʲ	0.017130
207	pf	0.017130
208	*R̪	0.017130
209	dː	0.016667
210	æ̃	0.016667
211	ɲː	0.016667
212	ɲɟ	0.016667
213	ẽː	0.016667
214	t̪s̪ʰ	0.016667
215	sʷ	0.016667
216	n̥	0.016204
217	mp	0.016204
218	n̪d̪	0.016204
219	tʷ	0.016204
220	lʲ	0.015741
221	ʋ	0.015741
222	ɰ	0.015741
223	ɯ̃	0.015741
224	ɾ̪	0.015741
225	o̞ː	0.015278
226	wː	0.015278
227	˨˧	0.015278
228	ɛ̃ː	0.015278
229	j̰	0.015278
230	w̰	0.015278
231	ʍ	0.014815
232	fː	0.014815
233	ɔ̃ː	0.014815
234	ɯː	0.014352
235	ɢ	0.014352
236	ŋː	0.014352
237	˧˨	0.014352
238	ɺ	0.014352
239	ɜ	0.013889
240	ɑ̃	0.013889
241	hʲ	0.013889
242	ɬ̪	0.013889
243	e̞ː	0.013426
244	t̠ʃː	0.013426
245	ʃː	0.013426
246	nʲ	0.012963
247	ʃʷ	0.012963
248	ⱱ	0.012963
249	ŋ̥	0.012500
250	ɕ	0.012500
251	æ̞̃	0.012500
252	β̞	0.012037
253	l̥	0.012037
254	m̰	0.012037
255	ɟ̤ʝ	0.012037
256	ɲ̥	0.011574
257	ia	0.011574
258	ui	0.011574
259	tɬʼ	0.011111
260	t̠ʃʷ	0.011111
261	t̪s̪ʼ	0.011111
262	tɕ	0.011111
263	cʼ	0.010648
264	b̰	0.010648
265	a̰	0.010185
266	j̥	0.010185
267	ɣʷ	0.010185
268	nʷ	0.010185
269	sʲ	0.009722
270	d̠ʒː	0.009722
271	øː	0.009722
272	yː	0.009722
273	t̠	0.009722
274	bv	0.009722
275	qʷʼ	0.009259
276	ʔʷ	0.009259
277	ḭ	0.009259
278	zː	0.009259
279	fʲ	0.009259
280	m̤	0.009259
281	o̤	0.009259
282	ua	0.009259
283	ʔʲ	0.009259
284	ns	0.009259
285	ʈʂʰ	0.008796
286	ɡ̤	0.008796
287	ə̃ː	0.008796
288	ɠ	0.008796
289	n̠t̠ʃ	0.008796
290	ɗ̪	0.008796
291	dʷ	0.008796
292	lʷ	0.008796
293	oi	0.008796
294	ei	0.008796
295	ṵ	0.008333
296	o̰	0.008333
297	ḛ	0.008333
298	w̃	0.008333
299	d̠ʒʷ	0.008333
300	ɾʲ	0.008333
301	ɱ	0.008333
302	ɲʷ	0.008333
303	e̤	0.008333
304	i̤	0.008333
305	l̤	0.007870
306	n̰	0.007870
307	ʔː	0.007870
308	ʌ̃	0.007870
309	ʌː	0.007870
310	ṳ	0.007870
311	a̤	0.007870
312	˦˧	0.007407
313	uə	0.007407
314	˥˦	0.006944
315	t̪ː	0.006944
316	d̤	0.006944
317	m̩	0.006944
318	ɲ̟	0.006944
319	ou	0.006944
320	ɔ̤	0.006944
321	t̪ʲ	0.006944
322	zʷ	0.006944
323	s̻	0.006481
324	ʁʷ	0.006481
325	mbʷ	0.006481
326	tɬ	0.006481
327	sʼ	0.006481
328	ɵ	0.006481
329	ɟː	0.006481
330	kǃ	0.006481
331	vʲ	0.006481
332	l̰	0.006481
333	jʷ	0.006481
334	d̠ʒ̤	0.006019
335	ʈː	0.006019
336	kʼː	0.006019
337	rʲ	0.006019
338	l̠	0.006019
339	ɔi	0.006019
340	ʑ	0.006019
341	dʑ	0.006019
342	k̰	0.006019
343	p̰	0.006019
344	bʰ	0.006019
345	kʼʲ	0.006019
346	ɗː	0.006019
347	u̞	0.006019
348	a̟ː	0.005556
349	r̥	0.005556
350	n̩	0.005556
351	ie	0.005556
352	ʀ	0.005556
353	t̠ʃʼː	0.005556
354	kǀ	0.005556
355	ʏ	0.005556
356	t̪ɬ̪ʼ	0.005556
357	ɛ̤	0.005556
358	ɱf	0.005556
359	t̰	0.005556
360	lˠ	0.005093
361	ə̆	0.005093
362	ˀm	0.005093
363	ˀj	0.005093
364	hː	0.005093
365	tʼː	0.005093
366	ʒː	0.005093
367	ɓ̥	0.005093
368	ɑ̃ː	0.005093
369	n̪̥	0.005093
370	iə	0.005093
371	l̪̥	0.005093
372	d̰	0.005093
373	rʷ	0.005093
374	ɓː	0.005093
375	ɵ̞	0.004630
376	d̪ː	0.004630
377	ɒː	0.004630
378	ˀn	0.004630
379	ɯ̞	0.004630
380	ŋ̩	0.004630
381	xː	0.004630
382	tɬʰ	0.004630
383	ʈʂʼ	0.004630
384	ɤ̞	0.004630
385	j̃	0.004630
386	œː	0.004630
387	l̪ˠ	0.004630
388	ɽ̤	0.004630
389	*R	0.004630
390	n̪̰	0.004630
391	↓˦	0.004630
392	tsʷ	0.004630
393	r̃	0.004630
394	N	0.004630
395	ɤː	0.004167
396	ɢʷ	0.004167
397	qʷʰ	0.004167
398	ʃʼ	0.004167
399	ɖʐ	0.004167
400	˩˨	0.004167
401	ˀw	0.004167
402	˦˥	0.004167
403	˧˩	0.004167
404	qː	0.004167
405	jˀ	0.004167
406	ndʲ	0.004167
407	ʃʲ	0.004167
408	ᶑ	0.004167
409	βʲ	0.004167
410	ʉː	0.004167
411	t̠ʃʲ	0.004167
412	ɨ̃ː	0.004167
413	n̪̤	0.004167
414	n̤	0.004167
415	ʒʷ	0.004167
416	s̪ʲ	0.004167
417	l̪ʲ	0.004167
418	iu	0.004167
419	vʷ	0.004167
420	cː	0.004167
421	dʰ	0.004167
422	ʐ͇	0.003704
423	ɖː	0.003704
424	uo	0.003704
425	nts	0.003704
426	pʼː	0.003704
427	ã̟	0.003704
428	ɐː	0.003704
429	pʲʰ	0.003704
430	kǁ	0.003704
431	ɒ̃	0.003704
432	zʲ	0.003704
433	tsʲ	0.003704
434	ie̞	0.003704
435	d̪ʲ	0.003704
436	t̪ɬ̪	0.003704
437	ŋkʷ	0.003704
438	əi	0.003704
439	ɺ̠	0.003704
440	s̪ʼ	0.003704
441	ŋǃ	0.003704
442	kǃʰ	0.003704
443	ŋɡʲ	0.003704
444	kˀ	0.003241
445	sˀ	0.003241
446	qχ	0.003241
447	ˀb	0.003241
448	sʰ	0.003241
449	˧˦	0.003241
450	ĭ	0.003241
451	χː	0.003241
452	sˤ	0.003241
453	kʲʼ	0.003241
454	ɗ̥	0.003241
455	ɤ̃	0.003241
456	ᴅ	0.003241
457	cɕ	0.003241
458	e̞i	0.003241
459	l̪̰	0.003241
460	ɯa	0.003241
461	ndʷ	0.003241
462	kǀʰ	0.003241
463	q̰	0.003241
464	t̠ʃ̰	0.003241
465	d̪ʰ	0.003241
466	cʷ	0.003241
467	wʲ	0.003241
468	i̤ː	0.003241
469	ã̰	0.003241
470	pˀ	0.002778
471	t̠ʃʷʰ	0.002778
472	n̻	0.002778
473	s̪ː	0.002778
474	tsː	0.002778
475	ˀl	0.002778
476	ɔ̰	0.002778
477	nˀ	0.002778
478	mˀ	0.002778
479	ŭ	0.002778
480	ă	0.002778
481	ŋʲ	0.002778
482	kʲʰ	0.002778
483	t̻	0.002778
484	c̟	0.002778
485	æ̃ː	0.002778
486	wˀ	0.002778
487	ɸʲ	0.002778
488	zˤ	0.002778
489	lˤ	0.002778
490	tˤ	0.002778
491	dˤ	0.002778
492	d̠ʒʲ	0.002778
493	vː	0.002778
494	n̪t̪	0.002778
495	ɯ̤	0.002778
496	d̠	0.002778
497	ɯə	0.002778
498	l̃	0.002778
499	əu	0.002778
500	o̞i	0.002778
501	ɨi	0.002778
502	n̪ʲ	0.002778
503	ɡǃ	0.002778
504	tr	0.002778
505	dr	0.002778
506	ɡǀ	0.002778
507	ts̰	0.002778
508	mʰ	0.002778
509	nʰ	0.002778
510	ea	0.002778
511	tɕʰ	0.002778
512	ṳː	0.002778
513	a̤ː	0.002778
514	ɛ̤ː	0.002778
515	ɔ̤ː	0.002778
516	ḭ̃	0.002778
517	r̤	0.002778
518	iˑ	0.002778
519	aˑ	0.002778
520	uˑ	0.002778
521	oˑ	0.002778
522	t̠ʃˀ	0.002315
523	t̠ʃʷʼ	0.002315
524	e̞ˤ	0.002315
525	t̻s̻	0.002315
526	dzː	0.002315
527	ɛ̰	0.002315
528	u̥	0.002315
529	i̥	0.002315
530	ɘː	0.002315
531	l̻	0.002315
532	ɳɖ	0.002315
533	tx	0.002315
534	t̪θʼ	0.002315
535	t̪θ	0.002315
536	kx	0.002315
537	h̃	0.002315
538	t͉	0.002315
539	p͉	0.002315
540	k͉	0.002315
541	ʰt	0.002315
542	ʰk	0.002315
543	ɳɖʐ	0.002315
544	ʕː	0.002315
545	ħː	0.002315
546	kʷː	0.002315
547	iɛ	0.002315
548	pfʰ	0.002315
549	kxʰ	0.002315
550	ø̞	0.002315
551	ɜ̃	0.002315
552	aˤ	0.002315
553	ɮ̪	0.002315
554	t̪ɬ̪ʰ	0.002315
555	mbʲ	0.002315
556	kǀ͓	0.002315
557	ŋǀ͓	0.002315
558	d̪ɮ̪	0.002315
559	o̞u	0.002315
560	ŋ̰	0.002315
561	kpʷ	0.002315
562	ndr	0.002315
563	n̠ʃ	0.002315
564	↓	0.002315
565	ɲʒ	0.002315
566	˦˨˦	0.002315
567	˨˦˨	0.002315
568	ŋmkp	0.002315
569	dzʷ	0.002315
570	d̠ʒʰ	0.002315
571	d̃	0.002315
572	b̃	0.002315
573	oa	0.002315
574	ao	0.002315
575	eu	0.002315
576	o̤ː	0.002315
577	ɖʰ	0.002315
578	e̝	0.002315
579	e̤ː	0.002315
580	ŋǁ	0.002315
581	kǁʰ	0.002315
582	ŋǀ	0.002315
583	ɲ̤	0.002315
584	eˑ	0.002315
585	ɵ̞ː	0.001852
586	k̟	0.001852
587	d̻	0.001852
588	t̻ʰ	0.001852
589	z̻	0.001852
590	ɬʲ	0.001852
591	r̠	0.001852
592	ˀɲ	0.001852
593	ɪ̈	0.001852
594	ə˞	0.001852
595	ɴ	0.001852
596	t̪θʰ	0.001852
597	ʔˤ	0.001852
598	xʼ	0.001852
599	ɯ̃ː	0.001852
600	ɤ̞̃	0.001852
601	t̠ʃ͉	0.001852
602	kʰː	0.001852
603	t̠ʃʰː	0.001852
604	tsʼː	0.001852
605	ʰp	0.001852
606	n̠ʒ	0.001852
607	t̠ʃʲʰ	0.001852
608	dˤː	0.001852
609	zˤː	0.001852
610	sˤː	0.001852
611	tˤː	0.001852
612	ɟʝʷ	0.001852
613	kǂ	0.001852
614	ɐ̃	0.001852
615	tʲʰ	0.001852
616	ɽ̃	0.001852
617	ɾ̤	0.001852
618	dɮ	0.001852
619	n̠d̠	0.001852
620	uˤ	0.001852
621	t̪ˤ	0.001852
622	kpʰ	0.001852
623	ɨ̞	0.001852
624	ɛi	0.001852
625	ao̞	0.001852
626	aɛ	0.001852
627	ɤ̤	0.001852
628	t̪s̪ʲ	0.001852
629	mpʰ	0.001852
630	kǁ͓	0.001852
631	kǃ̠	0.001852
632	v̤	0.001852
633	ae̞	0.001852
634	d̪̰	0.001852
635	ɲ̰	0.001852
636	ɻʲ	0.001852
637	βʷ	0.001852
638	ɟʷ	0.001852
639	ue	0.001852
640	ɽʰ	0.001852
641	ɠɓ	0.001852
642	ʊ̤	0.001852
643	k̰ʷ	0.001852
644	ae	0.001852
645	ɑ̤	0.001852
646	ɡ̰	0.001852
647	ṵ̃	0.001852
648	aɪ	0.001852
649	ʈʼ	0.001852
650	ʰm	0.001852
651	õ̰	0.001852
652	ð̞	0.001852
653	kpʲ	0.001852
654	ps	0.001852
655	ɥ̃	0.001852
656	ɾʷ	0.001852
657	kǀʼ	0.001852
658	ɡǁ	0.001852
659	cçʼ	0.001852
660	β̃	0.001852
661	w̤	0.001852
662	ë	0.001852
663	tˀ	0.001389
664	tsʷʰ	0.001389
665	fʼ	0.001389
666	d̻z̻	0.001389
667	qχʷ	0.001389
668	ɮʲ	0.001389
669	õ̞ː	0.001389
670	ẽ̞ː	0.001389
671	ˀd	0.001389
672	a˞	0.001389
673	ɛ̆	0.001389
674	l̩	0.001389
675	r̩	0.001389
676	tːs	0.001389
677	ɪ̃ː	0.001389
678	ɬʼ	0.001389
679	ɨ˞	0.001389
680	ʰt̠ʃ	0.001389
681	ʌ̃ː	0.001389
682	rˤ	0.001389
683	çʷ	0.001389
684	ɡ̤ʷ	0.001389
685	d̪ð	0.001389
686	e̯	0.001389
687	mʷˠ	0.001389
688	ɡ̟	0.001389
689	ø̞ː	0.001389
690	œ̃	0.001389
691	ʁ̞	0.001389
692	ɨ̆	0.001389
693	ɵ̞̆	0.001389
694	ɔ̆	0.001389
695	cçʷ	0.001389
696	s̪ʷ	0.001389
697	iˤ	0.001389
698	ɬ̪ː	0.001389
699	o̞ˤ	0.001389
700	t̪s̪ʷʰ	0.001389
701	t̪s̪ʷʼ	0.001389
702	z̪ˤ	0.001389
703	s̪ˤ	0.001389
704	d̪ˤ	0.001389
705	t̪s̪ː	0.001389
706	ʕ̝	0.001389
707	z̪ʲ	0.001389
708	t̪ˀ	0.001389
709	cɕʰ	0.001389
710	ɲc	0.001389
711	ɴq	0.001389
712	ŋkʰ	0.001389
713	aɯ	0.001389
714	ɺ̪	0.001389
715	e̞u	0.001389
716	l̪̤	0.001389
717	ŋǃ̠	0.001389
718	ŋ̥ǀ͓ˀ	0.001389
719	kǀ͓ʰ	0.001389
720	ŋǁ͓	0.001389
721	t̪ʷ	0.001389
722	ɳʈ	0.001389
723	xʲ	0.001389
724	e̞o̞	0.001389
725	ɯi	0.001389
726	s̪ʰ	0.001389
727	ɡǃx	0.001389
728	ɡǂ	0.001389
729	kǃx	0.001389
730	ŋ̥ǃ	0.001389
731	ɡ̤ǃ	0.001389
732	æi	0.001389
733	n̪d̪z̪	0.001389
734	ɟ̰	0.001389
735	r̪ʲ	0.001389
736	*R̪̰	0.001389
737	iˠ	0.001389
738	nsʷ	0.001389
739	ntʷ	0.001389
740	˦↓˦	0.001389
741	ndʑ	0.001389
742	ʄ̥	0.001389
743	ɻʷ	0.001389
744	kʰʷ	0.001389
745	ö	0.001389
746	tʲʼ	0.001389
747	iaː	0.001389
748	ʕʷ	0.001389
749	lʼ	0.001389
750	ŋɣ	0.001389
751	nɡ	0.001389
752	cʲ	0.001389
753	ɟʲ	0.001389
754	ja	0.001389
755	q̰ʷ	0.001389
756	oe	0.001389
757	s̺	0.001389
758	c̰	0.001389
759	˧˦˧	0.001389
760	o̝	0.001389
761	bz	0.001389
762	eo	0.001389
763	ɯ̰	0.001389
764	ə̰	0.001389
765	tç	0.001389
766	t̺	0.001389
767	ɡbʲ	0.001389
768	ɡᶣ	0.001389
769	ɖr	0.001389
770	ʈr	0.001389
771	kxʼ	0.001389
772	ɟ̤	0.001389
773	ɵː	0.001389
774	ᶑʼ	0.001389
775	cʼː	0.001389
776	nɗ	0.001389
777	kǁʼ	0.001389
778	kǃʼ	0.001389
779	ɗʲ	0.001389
780	i̞	0.001389
781	ɔ̝	0.001389
782	ï	0.001389
783	r̠ʲ	0.001389
784	t̪̰	0.001389
785	üː	0.001389
786	c̤	0.001389
787	d̤z	0.001389
788	ʰɾ	0.001389
789	ḛ̃	0.001389
790	ø̞ˤ	0.000926
791	t͈	0.000926
792	p͈	0.000926
793	k͈	0.000926
794	æˤ	0.000926
795	t̻s̻ʼ	0.000926
796	qχʷʼ	0.000926
797	qχʼ	0.000926
798	β̞ː	0.000926
799	ˀr	0.000926
800	ˀŋ	0.000926
801	˩̰	0.000926
802	˨˩	0.000926
803	˧˥	0.000926
804	˧˨˥	0.000926
805	b̤̥	0.000926
806	tz̤̥	0.000926
807	˥˧˥	0.000926
808	ɡ̤̥	0.000926
809	d̤̥	0.000926
810	z̞̩	0.000926
811	k̟ʰ	0.000926
812	˥̰	0.000926
813	ɾˀ	0.000926
814	ĕ	0.000926
815	ŋ̥ʲ	0.000926
816	ʂ͇	0.000926
817	ɲ̩	0.000926
818	ɡɣ	0.000926
819	ʎ̟	0.000926
820	ɸʷ	0.000926
821	ɬː	0.000926
822	s̻ː	0.000926
823	dl	0.000926
824	ʃ͈ː	0.000926
825	k͈ː	0.000926
826	s͈ː	0.000926
827	t͈ː	0.000926
828	ɤ̞ː	0.000926
829	ʊ̃ː	0.000926
830	ɸʼ	0.000926
831	ʰkʷ	0.000926
832	çʲ	0.000926
833	ɺʲ	0.000926
834	bˀ	0.000926
835	dˀ	0.000926
836	kˤ	0.000926
837	ɪ̈ː	0.000926
838	ʊ̈	0.000926
839	sʼː	0.000926
840	ʁː	0.000926
841	ħʷ	0.000926
842	l̪ː	0.000926
843	ɾˤ	0.000926
844	lˤː	0.000926
845	ʃ͉	0.000926
846	s͉	0.000926
847	uɔ	0.000926
848	b̤ʲ	0.000926
849	o̯	0.000926
850	l̥ˠ	0.000926
851	bʷˠ	0.000926
852	ɾˠ	0.000926
853	nˠ	0.000926
854	n̥ʲ	0.000926
855	n̥ˠ	0.000926
856	ɸʷˠ	0.000926
857	pʷˠʰ	0.000926
858	l̥ʲ	0.000926
859	ə̯	0.000926
860	ɾ̥ʲ	0.000926
861	ɾ̥ˠ	0.000926
862	ʃˠ	0.000926
863	ʒˠ	0.000926
864	ʒʲ	0.000926
865	ʈʰː	0.000926
866	pʰː	0.000926
867	n̪ː	0.000926
868	t̪ʰː	0.000926
869	ɟʝː	0.000926
870	cçː	0.000926
871	ĕ̞	0.000926
872	ɒ̆	0.000926
873	ŏ̞	0.000926
874	z͇	0.000926
875	ʊ̙	0.000926
876	ʊ̙ː	0.000926
877	ɪ̙	0.000926
878	ɔˤ	0.000926
879	ɪˤ	0.000926
880	ʊˤ	0.000926
881	ɹ̪	0.000926
882	ʃʷː	0.000926
883	ʁʷˤ	0.000926
884	qχʼː	0.000926
885	t̪s̪ʼː	0.000926
886	χʷˤ	0.000926
887	χʷː	0.000926
888	χˤ	0.000926
889	ʁˤ	0.000926
890	ɤ̟	0.000926
891	ɯ͓	0.000926
892	ɞ	0.000926
893	ʌ̤	0.000926
894	ɒ̤	0.000926
895	ɘ̃	0.000926
896	z͇̪	0.000926
897	n̠̥	0.000926
898	ỹ	0.000926
899	ɬ̪ʲ	0.000926
900	n̪t̪ʰ	0.000926
901	n̪t̪s̪	0.000926
902	ɳʈʂ	0.000926
903	ŋ̥ʷ	0.000926
904	nr	0.000926
905	aɨ	0.000926
906	kǃ̠ʰ	0.000926
907	ŋ̥ǁ͓ˀ	0.000926
908	ŋ̥ǃ̠ˀ	0.000926
909	kǁ͓ʰ	0.000926
910	ɭ̥	0.000926
911	ɡbʷ	0.000926
912	ɔ̃ĩ	0.000926
913	ŋkʲ	0.000926
914	t̪ɦ	0.000926
915	pɦ	0.000926
916	kɦ	0.000926
917	ɣʲ	0.000926
918	ʊi	0.000926
919	e̠	0.000926
920	õ̞ĩ	0.000926
921	ũĩ	0.000926
922	ɨa	0.000926
923	ɜː	0.000926
924	ɟʑ	0.000926
925	aˤː	0.000926
926	ɡʼ	0.000926
927	ãˤ	0.000926
928	ɡǀ͓	0.000926
929	dʼ	0.000926
930	tˠ	0.000926
931	dˠ	0.000926
932	ɡǂx	0.000926
933	d̠ʒʼ	0.000926
934	o̞a	0.000926
935	kǂʰ	0.000926
936	ŋ̤ǃ	0.000926
937	dz̤	0.000926
938	ẽ̞ĩ	0.000926
939	ŋ̥ǀ͓ʰ	0.000926
940	ŋǂ	0.000926
941	ŋ̥ǃˀ	0.000926
942	kǂx	0.000926
943	b̪	0.000926
944	ts͇	0.000926
945	ɲɟʑ	0.000926
946	n̪ʷ	0.000926
947	ɨə	0.000926
948	ŋ̤	0.000926
949	kʷˀ	0.000926
950	ɰ̰	0.000926
951	ɬ̪ʼ	0.000926
952	ɓʲ	0.000926
953	uʌ	0.000926
954	n̪z̪	0.000926
955	ðʲ	0.000926
956	nzʷ	0.000926
957	n̠d̠ʒʷ	0.000926
958	˨˦˧	0.000926
959	ɡv	0.000926
960	kf	0.000926
961	ɠ̥	0.000926
962	ɗʒ	0.000926
963	eˠ	0.000926
964	nh	0.000926
965	nl	0.000926
966	r̝	0.000926
967	˨˥˩	0.000926
968	dʲʷ	0.000926
969	tʰʷ	0.000926
970	cʷʰ	0.000926
971	uaː	0.000926
972	mʼ	0.000926
973	nʼ	0.000926
974	wʰ	0.000926
975	ɾʰ	0.000926
976	ɗʰ	0.000926
977	ˀp	0.000926
978	ɾ̥	0.000926
979	ɟʰ	0.000926
980	dzʰ	0.000926
981	k̃	0.000926
982	ɡ̃	0.000926
983	ntʰ	0.000926
984	ṽ	0.000926
985	nɟ	0.000926
986	ju	0.000926
987	wə	0.000926
988	ʉ̃	0.000926
989	æ̤ː	0.000926
990	æ̤	0.000926
991	ɵ̤	0.000926
992	ʊ̤ː	0.000926
993	ay	0.000926
994	vʰ	0.000926
995	s̰	0.000926
996	iã	0.000926
997	ʌi	0.000926
998	lʰ	0.000926
999	ʊa	0.000926
1000	w̥	0.000926
1001	ts̪	0.000926
1002	uai	0.000926
1003	iau	0.000926
1004	˧˨˧	0.000926
1005	ɔu	0.000926
1006	ⱱ̟	0.000926
1007	wa	0.000926
1008	aʊ	0.000926
1009	io	0.000926
1010	ɥ̥	0.000926
1011	ʊu	0.000926
1012	ʊɪ	0.000926
1013	ɔɪ	0.000926
1014	ɲj	0.000926
1015	ʰn̪	0.000926
1016	ɛə	0.000926
1017	iɔ	0.000926
1018	ɑi	0.000926
1019	ɡbː	0.000926
1020	kpː	0.000926
1021	ə̰̃	0.000926
1022	t̪s	0.000926
1023	ɲʰ	0.000926
1024	uj	0.000926
1025	aj	0.000926
1026	aw	0.000926
1027	t̪n̪	0.000926
1028	tn	0.000926
1029	pm	0.000926
1030	kŋ	0.000926
1031	ʈɳ	0.000926
1032	tl	0.000926
1033	nd̪	0.000926
1034	eɪ	0.000926
1035	˥˧	0.000926
1036	tɕᶣ	0.000926
1037	ɕᶣ	0.000926
1038	sᶣ	0.000926
1039	dʑᶣ	0.000926
1040	ɲᶣ	0.000926
1041	ʙ	0.000926
1042	ɦʷ	0.000926
1043	i̤ˑ	0.000926
1044	ɔ̤ˑ	0.000926
1045	ṳˑ	0.000926
1046	e̤ˑ	0.000926
1047	a̤ˑ	0.000926
1048	ɛ̤ˑ	0.000926
1049	ɗʷ	0.000926
1050	ɓʷ	0.000926
1051	m̤b̤	0.000926
1052	n̤d̤ɮ̤	0.000926
1053	ɦ̤	0.000926
1054	mbv	0.000926
1055	n̤d̤	0.000926
1056	ntsʼ	0.000926
1057	n̠t̠ʃʼ	0.000926
1058	z̤	0.000926
1059	ɪ̤	0.000926
1060	kᶣ	0.000926
1061	mɓ	0.000926
1062	dx	0.000926
1063	kǁxʼ	0.000926
1064	ɡǁx	0.000926
1065	kǁx	0.000926
1066	kʘ	0.000926
1067	ɡǀx	0.000926
1068	kǀx	0.000926
1069	kǃxʼ	0.000926
1070	kǀxʼ	0.000926
1071	oˤ	0.000926
1072	bβ	0.000926
1073	tɾ	0.000926
1074	dɾ	0.000926
1075	ndɾ	0.000926
1076	u̞ː	0.000926
1077	ɔ̝ː	0.000926
1078	ɛ̝ː	0.000926
1079	i̞ː	0.000926
1080	ɛ̝	0.000926
1081	mpʲ	0.000926
1082	ɡʲʷ	0.000926
1083	lˀ	0.000926
1084	u̜	0.000926
1085	i̜	0.000926
1086	ə̤	0.000926
1087	k̙	0.000926
1088	ë̞	0.000926
1089	ä	0.000926
1090	ɽ̩	0.000926
1091	l̠˞	0.000926
1092	ʰw	0.000926
1093	ʰn	0.000926
1094	aʲ	0.000926
1095	ʰd	0.000926
1096	t͈sʷ	0.000463
1097	x͈	0.000463
1098	k͈ʷ	0.000463
1099	s͈	0.000463
1100	ʃ͈	0.000463
1101	χ͈	0.000463
1102	t͈s	0.000463
1103	x͈ʷ	0.000463
1104	tsʷʼ	0.000463
1105	t̠͈ʃʷ	0.000463
1106	q͈	0.000463
1107	q͈ʷ	0.000463
1108	χ͈ʷ	0.000463
1109	ʃ͈ʷ	0.000463
1110	t̠͈ʃ	0.000463
1111	k̟ʲʼ	0.000463
1112	ʝ̟	0.000463
1113	x̟ʲ	0.000463
1114	ɬʲʼ	0.000463
1115	ɡ̟ʲ	0.000463
1116	k̟ʲʰ	0.000463
1117	t̻ʼ	0.000463
1118	ɣ̟ʲ	0.000463
1119	ç̟	0.000463
1120	ɭː	0.000463
1121	ˀɖ	0.000463
1122	ˀɡ	0.000463
1123	ˀd̠ʒ	0.000463
1124	ɪ̯	0.000463
1125	ʊ̯	0.000463
1126	ei̙	0.000463
1127	əɨ̙	0.000463
1128	o̘ː	0.000463
1129	ou̙	0.000463
1130	ɛ̘ː	0.000463
1131	a̟̙ː	0.000463
1132	ə̘ː	0.000463
1133	e̘ː	0.000463
1134	ɔ̘ː	0.000463
1135	ʌ̯	0.000463
1136	˨˩̤	0.000463
1137	˦˥̰	0.000463
1138	ə̃˞	0.000463
1139	a̟˞	0.000463
1140	u˞	0.000463
1141	ɑ̃˞	0.000463
1142	ɤ˞	0.000463
1143	w˞	0.000463
1144	ə̟	0.000463
1145	ŋɡ̟	0.000463
1146	˧˩̰	0.000463
1147	˧˨ˤ	0.000463
1148	oũ	0.000463
1149	eĩ	0.000463
1150	ŋˀ	0.000463
1151	˧˨̤	0.000463
1152	ŭ̃	0.000463
1153	ã̆	0.000463
1154	˨˧˩	0.000463
1155	ɛ̆̃	0.000463
1156	iẽ	0.000463
1157	ŏ̃	0.000463
1158	ʈr̥̠	0.000463
1159	ɳʈr̠̥	0.000463
1160	ɖr̠	0.000463
1161	ɳɖr̠	0.000463
1162	d̠͈ʒ	0.000463
1163	d͈	0.000463
1164	b͈	0.000463
1165	d̪̤̥	0.000463
1166	m̥ʷ	0.000463
1167	ɲ̟ʝ̟	0.000463
1168	ɶ̝	0.000463
1169	ɴː	0.000463
1170	kxʷ	0.000463
1171	t̻s̻ʰ	0.000463
1172	p͈ː	0.000463
1173	t̠͈ʃː	0.000463
1174	l̻̰	0.000463
1175	t͉s	0.000463
1176	s̻θ	0.000463
1177	t̠ːʃ	0.000463
1178	ɬ̻	0.000463
1179	xh	0.000463
1180	kʷʼː	0.000463
1181	kʷʰː	0.000463
1182	tsʰː	0.000463
1183	ã̟ː	0.000463
1184	ɯ̆	0.000463
1185	oːu	0.000463
1186	y̆	0.000463
1187	ʰts	0.000463
1188	ʰq	0.000463
1189	ʈ͉	0.000463
1190	ɺː	0.000463
1191	˦˩	0.000463
1192	z̞̩̃ˠ	0.000463
1193	z̞̩ˠ	0.000463
1194	r͈ː	0.000463
1195	ɡ͈ː	0.000463
1196	d͈ː	0.000463
1197	b͈ː	0.000463
1198	z͈ː	0.000463
1199	ʒ͈ː	0.000463
1200	x͈ː	0.000463
1201	f͈ː	0.000463
1202	n͈ː	0.000463
1203	ħ͈ː	0.000463
1204	ɣ͈ː	0.000463
1205	l͈ː	0.000463
1206	m͈ː	0.000463
1207	ɪ̠	0.000463
1208	ɜɪ̯	0.000463
1209	ʊ̈ː	0.000463
1210	ᶑː	0.000463
1211	ɢː	0.000463
1212	ðˤ	0.000463
1213	mˤ	0.000463
1214	bˤː	0.000463
1215	fʷː	0.000463
1216	z̪ː	0.000463
1217	bʷː	0.000463
1218	bˤ	0.000463
1219	mʷː	0.000463
1220	rˤː	0.000463
1221	mˤː	0.000463
1222	f͉	0.000463
1223	d̩	0.000463
1224	ŋ̩ʷ	0.000463
1225	b̩	0.000463
1226	ɣ̩	0.000463
1227	z̩	0.000463
1228	ɡ̩	0.000463
1229	v̩	0.000463
1230	ɡb̩	0.000463
1231	ɡ̩ʷ	0.000463
1232	cçʷʰ	0.000463
1233	kʟ̥͓ʼ	0.000463
1234	ˀd̪	0.000463
1235	ˀo̯	0.000463
1236	ɤ̯	0.000463
1237	ɯ̞̯	0.000463
1238	ɸ̃	0.000463
1239	ŋˑ	0.000463
1240	ɹ̩	0.000463
1241	ɭ̩	0.000463
1242	l̪̩	0.000463
1243	ð͉	0.000463
1244	ɔ̯	0.000463
1245	ɛ̯	0.000463
1246	n̻ʲ	0.000463
1247	d̻ʲ	0.000463
1248	t̻ʲ	0.000463
1249	t̻ː	0.000463
1250	n̻ː	0.000463
1251	d̻ː	0.000463
1252	t̻ʰː	0.000463
1253	l̻ː	0.000463
1254	ʋː	0.000463
1255	æẽ̯	0.000463
1256	ɔo̯	0.000463
1257	d̪̤ː	0.000463
1258	ɡ̤ː	0.000463
1259	æe̯	0.000463
1260	ɔõ̯	0.000463
1261	ɖ̤ː	0.000463
1262	d̠ʒ̤ː	0.000463
1263	b̤ː	0.000463
1264	ə̥	0.000463
1265	p͉ʲ	0.000463
1266	t͉ʲ	0.000463
1267	ioː	0.000463
1268	iæ	0.000463
1269	i̙ː	0.000463
1270	çː	0.000463
1271	pfʼ	0.000463
1272	ɡⁿ	0.000463
1273	dⁿ	0.000463
1274	d̠ⁿ	0.000463
1275	bⁿ	0.000463
1276	d̪ⁿ	0.000463
1277	ɖⁿ	0.000463
1278	ɐˤ	0.000463
1279	ɜi	0.000463
1280	s̪ʷː	0.000463
1281	d̪ʷ	0.000463
1282	qχʷˤʼ	0.000463
1283	χˤː	0.000463
1284	t̪ɬ̪ʷʰ	0.000463
1285	t̪ɬ̪ʷʼ	0.000463
1286	qχˤ	0.000463
1287	ɬ̪ʷ	0.000463
1288	z̪ʷ	0.000463
1289	qχˤː	0.000463
1290	χʷˤː	0.000463
1291	ɬ̪ʷː	0.000463
1292	qχˤʼ	0.000463
1293	t̪ʷʰ	0.000463
1294	qχʷˤ	0.000463
1295	ʈʂ͇	0.000463
1296	kxʼː	0.000463
1297	qχː	0.000463
1298	t̪ɬ̪ʼː	0.000463
1299	t̪ɬ̪ː	0.000463
1300	kxː	0.000463
1301	n̪s̪	0.000463
1302	*Rʲ	0.000463
1303	ɛo̞	0.000463
1304	ɛ̃ɔ̃	0.000463
1305	ɑ̃ɔ̃	0.000463
1306	ɬʟ̥͓	0.000463
1307	t̪s̪ˀ	0.000463
1308	kɬ	0.000463
1309	ɯ̤ə̤	0.000463
1310	*R̪̥	0.000463
1311	i̤ə̤	0.000463
1312	ṳə̤	0.000463
1313	t̪ˠʰ	0.000463
1314	kxʷʰ	0.000463
1315	ø̆	0.000463
1316	n̪d̪ʲ	0.000463
1317	t̪ʲʰ	0.000463
1318	r̠̙	0.000463
1319	n̠t̠ʃʰ	0.000463
1320	ɳʈʂʰ	0.000463
1321	ɴqʰ	0.000463
1322	n̪t̪s̪ʰ	0.000463
1323	ɛɯ	0.000463
1324	ɗ̠	0.000463
1325	ɡˡ	0.000463
1326	ɹ̪̥	0.000463
1327	ia̟	0.000463
1328	ɾ̠	0.000463
1329	i͓	0.000463
1330	u͓	0.000463
1331	ŏ	0.000463
1332	ɲcɕ	0.000463
1333	əɯ	0.000463
1334	r͓̪	0.000463
1335	j̟	0.000463
1336	ɳ̥	0.000463
1337	ŋ̥m̥	0.000463
1338	ɾ̪ʲ	0.000463
1339	ḁ	0.000463
1340	o̞̥	0.000463
1341	e̞̥	0.000463
1342	ãĩ	0.000463
1343	ɨ̃ĩ	0.000463
1344	ʛ̥	0.000463
1345	n̠t̠	0.000463
1346	tɦ	0.000463
1347	tsɦ	0.000463
1348	ɾ̰	0.000463
1349	tsˀ	0.000463
1350	ɘ̃ː	0.000463
1351	ʃ͇	0.000463
1352	ʒ͇	0.000463
1353	ɬ̪ʲʼ	0.000463
1354	ɮ̪ʲ	0.000463
1355	o̟	0.000463
1356	e̞ə	0.000463
1357	a̟i	0.000463
1358	ã̟ĩ	0.000463
1359	d̪l̪	0.000463
1360	ɕʼ	0.000463
1361	ʂʼ	0.000463
1362	ᴅ̪̰	0.000463
1363	ᴅ̪	0.000463
1364	s̪ˀ	0.000463
1365	ɐ̹̆	0.000463
1366	ɐ̆	0.000463
1367	ʉ̆	0.000463
1368	bʼ	0.000463
1369	ŋ̥ǂˀ	0.000463
1370	ãẽ̞ˤ	0.000463
1371	dzʼ	0.000463
1372	ao̞ˤ	0.000463
1373	ŋ̥ǀ͓xˀ	0.000463
1374	ŋ̥ǂʰ	0.000463
1375	dzˠ	0.000463
1376	ŋ̥ǃˠˀ	0.000463
1377	kǀ͓x	0.000463
1378	tsˠ	0.000463
1379	o̞ˤː	0.000463
1380	ae̞ˤ	0.000463
1381	ŋˤ	0.000463
1382	ŋǂ͓ˡ	0.000463
1383	o̞iˤ	0.000463
1384	ŋ̥ǂxˀ	0.000463
1385	õ̞ã	0.000463
1386	õ̞ˤ	0.000463
1387	ɡ̰ǃx	0.000463
1388	ɡ̰ǀ͓x	0.000463
1389	ãˤː	0.000463
1390	ɡ̤ǂ͓ˡ	0.000463
1391	õ̞ãˤ	0.000463
1392	ɡǂ͓ˡ	0.000463
1393	ẽ̞ũ	0.000463
1394	kǂ͓ˡʰ	0.000463
1395	ŋ̤ǀ͓	0.000463
1396	t̠ʃˠ	0.000463
1397	d̠ʒˠ	0.000463
1398	o̞e̞	0.000463
1399	õ̞ĩˤ	0.000463
1400	ɡ̰ǂ͓ˡx	0.000463
1401	ŋ̥ǂ͓ˡxˀ	0.000463
1402	ŋ̤ǂ	0.000463
1403	ɡǀ͓x	0.000463
1404	ɔ̃ˤː	0.000463
1405	ŋ̥ǂ͓ˡʰ	0.000463
1406	ɡǂ͓ˡx	0.000463
1407	ɡ̰ǂx	0.000463
1408	ɡ̤ǂ	0.000463
1409	ŋ̥ǂ͓ˡˀ	0.000463
1410	ãõ̞ˤ	0.000463
1411	ɡ̤ǀ͓	0.000463
1412	kǂ͓ˡ	0.000463
1413	kǂ͓ˡx	0.000463
1414	o̞aˤ	0.000463
1415	ŋ̤ǂ͓ˡ	0.000463
1416	ĩẽ̞	0.000463
1417	xʷː	0.000463
1418	t̪s̪ʷː	0.000463
1419	qʷː	0.000463
1420	t̠ʃʷː	0.000463
1421	ø̠	0.000463
1422	õ̞ũ	0.000463
1423	õ̞̰	0.000463
1424	ḭ̃	0.000463
1425	ã̰	0.000463
1426	ẽ̞̰	0.000463
1427	e̞̰	0.000463
1428	o̞̰	0.000463
1429	ɺ̠̰	0.000463
1430	hˀ	0.000463
1431	kǃxʰ	0.000463
1432	kǀ͓ˠʰ	0.000463
1433	ŋ̥ǃ̠ʰ	0.000463
1434	kǃ̠xʰ	0.000463
1435	kǁ͓xʰ	0.000463
1436	ŋ̥ǁ͓ʰ	0.000463
1437	ɸ̞	0.000463
1438	d̪z̪̤	0.000463
1439	t̠ʰ	0.000463
1440	ɪe̞	0.000463
1441	ɭ͓	0.000463
1442	ɔy	0.000463
1443	øy	0.000463
1444	æʉ	0.000463
1445	ɒ̝	0.000463
1446	ʊ̆	0.000463
1447	ɪ̆	0.000463
1448	ɯ̞̆	0.000463
1449	ʰs̪	0.000463
1450	ʰʃ	0.000463
1451	d̠̰	0.000463
1452	ɖr̠͓	0.000463
1453	ʈɹ̠̥	0.000463
1454	a̤ṳ	0.000463
1455	ɯ̤i̤	0.000463
1456	l̠̤	0.000463
1457	ʒ̤	0.000463
1458	i̤a̤	0.000463
1459	n̠̤	0.000463
1460	ɤ̤i̤	0.000463
1461	ṳi̤	0.000463
1462	i̤ɛ̤	0.000463
1463	ɔ̤i̤	0.000463
1464	ɤi	0.000463
1465	a̤ɯ̤	0.000463
1466	a̤i̤	0.000463
1467	o̤i̤	0.000463
1468	i̤ṳ	0.000463
1469	io̞	0.000463
1470	ṳa̤	0.000463
1471	e̞a	0.000463
1472	ɢʷˤ	0.000463
1473	qˤʰ	0.000463
1474	qˤʼ	0.000463
1475	qʷˤʼ	0.000463
1476	qʷˤʰ	0.000463
1477	ɢˤ	0.000463
1478	kǀ͓ˀ	0.000463
1479	ɡǁ͓	0.000463
1480	kǁ͓ˀ	0.000463
1481	ɡǃ̠	0.000463
1482	kǃ̠ˀ	0.000463
1483	yø̞	0.000463
1484	r̪̰	0.000463
1485	r̪̥	0.000463
1486	r̪ˤ	0.000463
1487	l̪ˤ	0.000463
1488	ʁ̞̰ʷ	0.000463
1489	qʷˀ	0.000463
1490	t̪ɬ̪ˀ	0.000463
1491	qˀ	0.000463
1492	ʁ̞ʷ	0.000463
1493	ɨ̞̃	0.000463
1494	d̪z̪ʲ	0.000463
1495	β̞ʲ	0.000463
1496	ʈˀ	0.000463
1497	ɖ̰	0.000463
1498	ʉ̞	0.000463
1499	ɑ̝	0.000463
1500	ĩˠ	0.000463
1501	n̪d̪ʷ	0.000463
1502	ɣ̰	0.000463
1503	ts͇ʰ	0.000463
1504	cɕʼ	0.000463
1505	χʼ	0.000463
1506	χʷʼ	0.000463
1507	xʷʼ	0.000463
1508	ɾ͓	0.000463
1509	uˤː	0.000463
1510	iˤː	0.000463
1511	ɲɟʝ	0.000463
1512	β̞ˠ	0.000463
1513	ɵ̃	0.000463
1514	ɯʌ	0.000463
1515	iʌ	0.000463
1516	ʐ̰	0.000463
1517	ʟ̥͓	0.000463
1518	e̞̠	0.000463
1519	o̞̟	0.000463
1520	t̪s̪ɦ	0.000463
1521	ʟ	0.000463
1522	r̪ˠ	0.000463
1523	ʔ̬	0.000463
1524	ɤ̞̟̃	0.000463
1525	kʟ̥ʼ	0.000463
1526	kǃ͓	0.000463
1527	ɣː	0.000463
1528	ɱfʷ	0.000463
1529	n̠ʃʷ	0.000463
1530	˨˧˨	0.000463
1531	↓˦˨	0.000463
1532	mv	0.000463
1533	lʔ	0.000463
1534	nð	0.000463
1535	ŋmˤ	0.000463
1536	ɡbˤ	0.000463
1537	kpˤ	0.000463
1538	ɠ̥ʷ	0.000463
1539	ɠ̥ʲ	0.000463
1540	aˠ	0.000463
1541	ɪˠ	0.000463
1542	ɛˠ	0.000463
1543	fʰ	0.000463
1544	ẅ	0.000463
1545	ɣv	0.000463
1546	a̠ː	0.000463
1547	a̠	0.000463
1548	ɕː	0.000463
1549	ʑː	0.000463
1550	pˤ	0.000463
1551	wˤ	0.000463
1552	jˤ	0.000463
1553	kǀ̪	0.000463
1554	kǀʷ	0.000463
1555	kǃ̪	0.000463
1556	tsʰʷ	0.000463
1557	kǀʰʷ	0.000463
1558	rʰ	0.000463
1559	ü	0.000463
1560	ʕʼ	0.000463
1561	yʼ	0.000463
1562	wʼ	0.000463
1563	ɹˤ	0.000463
1564	ʕʷʼ	0.000463
1565	ɹ̰ˤ	0.000463
1566	jʰ	0.000463
1567	ˀt	0.000463
1568	ŋb	0.000463
1569	kʰʲ	0.000463
1570	ɲcʲ	0.000463
1571	ˀɗ	0.000463
1572	ˀɟ	0.000463
1573	dz̃	0.000463
1574	p̃	0.000463
1575	t̃	0.000463
1576	pʰʷ	0.000463
1577	b̃ʷ	0.000463
1578	k̃ʷ	0.000463
1579	z̃	0.000463
1580	m̃ʷ	0.000463
1581	jɔ	0.000463
1582	eə	0.000463
1583	oe̞	0.000463
1584	ʡ	0.000463
1585	ɵ̤ː	0.000463
1586	n̥ʃ	0.000463
1587	n̠̥t̠ʃ	0.000463
1588	ɱ̥f	0.000463
1589	b̻	0.000463
1590	k̻	0.000463
1591	p̻	0.000463
1592	t̺s̺	0.000463
1593	o˞	0.000463
1594	r̺	0.000463
1595	n̺	0.000463
1596	uẽ	0.000463
1597	ɳʰ	0.000463
1598	ɪa	0.000463
1599	ɪʌ	0.000463
1600	æe	0.000463
1601	ɪã	0.000463
1602	ʊe	0.000463
1603	ṳa	0.000463
1604	ɯ̤ː	0.000463
1605	i̤a	0.000463
1606	ɤ̤ː	0.000463
1607	ʌ̤ː	0.000463
1608	ɑ̤ː	0.000463
1609	ɯ̤a	0.000463
1610	ʕ̰ʷ	0.000463
1611	ʕ̰	0.000463
1612	r̰	0.000463
1613	pʃʼ	0.000463
1614	pʃʰ	0.000463
1615	fʃ	0.000463
1616	pʷˠː	0.000463
1617	pʷˠ	0.000463
1618	mʷˠː	0.000463
1619	ɻː	0.000463
1620	ɟ̩̰	0.000463
1621	f̰	0.000463
1622	θ̰	0.000463
1623	ɹ̝	0.000463
1624	t̰s̰	0.000463
1625	uei	0.000463
1626	t̠ʃ̺ʰ	0.000463
1627	iou	0.000463
1628	ye	0.000463
1629	ʃ̺	0.000463
1630	ɔɛ	0.000463
1631	dzʲ	0.000463
1632	ɛɪ	0.000463
1633	ɛj	0.000463
1634	œy	0.000463
1635	ˀj̰	0.000463
1636	ˀw̰	0.000463
1637	oi̯	0.000463
1638	wei̯	0.000463
1639	au̯	0.000463
1640	wai̯	0.000463
1641	jau̯	0.000463
1642	ai̯	0.000463
1643	jai̯	0.000463
1644	ei̯	0.000463
1645	we	0.000463
1646	ou̯	0.000463
1647	jeu̯	0.000463
1648	wo	0.000463
1649	wi	0.000463
1650	jo	0.000463
1651	ui̯	0.000463
1652	je	0.000463
1653	eu̯	0.000463
1654	ld	0.000463
1655	n͉	0.000463
1656	eˀ	0.000463
1657	l͉	0.000463
1658	aˀ	0.000463
1659	m͉	0.000463
1660	ʂ͉	0.000463
1661	oˀ	0.000463
1662	iˀ	0.000463
1663	uˀ	0.000463
1664	k͉ʷ	0.000463
1665	˦ː	0.000463
1666	˨ː	0.000463
1667	ɐu	0.000463
1668	ɐi	0.000463
1669	w̞	0.000463
1670	ɛʊ	0.000463
1671	ʰɾ̪	0.000463
1672	ʎ̥	0.000463
1673	ũə	0.000463
1674	ɔə	0.000463
1675	ɛ̃ə	0.000463
1676	ĩə	0.000463
1677	ãi	0.000463
1678	ɯ̃ə	0.000463
1679	ʌə	0.000463
1680	uɨ	0.000463
1681	iɨ	0.000463
1682	zˠ	0.000463
1683	ɾ̪ˠ	0.000463
1684	ðˠ	0.000463
1685	æu	0.000463
1686	ɪi	0.000463
1687	mˠ	0.000463
1688	sˠ	0.000463
1689	ieː	0.000463
1690	iɛː	0.000463
1691	˦˥˦	0.000463
1692	tɬ̰	0.000463
1693	ʉi	0.000463
1694	ɫ	0.000463
1695	ɨ̥	0.000463
1696	ɛ̰̃	0.000463
1697	ˀl̪̥	0.000463
1698	ˀq	0.000463
1699	ˀt̪	0.000463
1700	ˀn̪̥	0.000463
1701	ˀw̥	0.000463
1702	ˀt̪ɬ	0.000463
1703	ˀt̪s	0.000463
1704	ˀj̥	0.000463
1705	ˀm̥	0.000463
1706	ˀkʷ	0.000463
1707	ɑʊ	0.000463
1708	æɪ	0.000463
1709	ʎʼ	0.000463
1710	ʎʰ	0.000463
1711	ɲʼ	0.000463
1712	ŋʷː	0.000463
1713	ej	0.000463
1714	ɛw	0.000463
1715	jɛ	0.000463
1716	ow	0.000463
1717	ɛu	0.000463
1718	ɛ̙ː	0.000463
1719	a̙ˠ	0.000463
1720	ɔ̙	0.000463
1721	ɛ̙ˠ	0.000463
1722	ɔ̙ː	0.000463
1723	a̙ː	0.000463
1724	ɛ̙	0.000463
1725	ɪ̙ˠ	0.000463
1726	ɪ̙ː	0.000463
1727	a̙	0.000463
1728	oj	0.000463
1729	ɡɦ	0.000463
1730	lɦ	0.000463
1731	nɦ	0.000463
1732	ɟɦ	0.000463
1733	bɦ	0.000463
1734	mɦ	0.000463
1735	ɖɦ	0.000463
1736	d̪ɦ	0.000463
1737	ɳɦ	0.000463
1738	ʉ̟	0.000463
1739	ɧ	0.000463
1740	tʰʲ	0.000463
1741	dz̪	0.000463
1742	tçʰ	0.000463
1743	cɲ	0.000463
1744	ʊɔ	0.000463
1745	ɪɛ	0.000463
1746	ɲʄ	0.000463
1747	ɑ̃ĩ	0.000463
1748	ɑ̃õ	0.000463
1749	ẽĩ	0.000463
1750	ɑu	0.000463
1751	ɑe	0.000463
1752	õũ	0.000463
1753	ɑo	0.000463
1754	z̥	0.000463
1755	ɣ̥	0.000463
1756	x̥	0.000463
1757	ɴɢ	0.000463
1758	oʊ	0.000463
1759	aɔ	0.000463
1760	eɔ	0.000463
1761	iʊ	0.000463
1762	uɛ	0.000463
1763	oɛ	0.000463
1764	oɪ	0.000463
1765	eʊ	0.000463
1766	uɪ	0.000463
1767	˥˧̰	0.000463
1768	˧˩̤	0.000463
1769	a̰ḭ	0.000463
1770	a̰ṵ	0.000463
1771	˨˥	0.000463
1772	u̙	0.000463
1773	o̙	0.000463
1774	o̘	0.000463
1775	u̘	0.000463
1776	e̘	0.000463
1777	i̙	0.000463
1778	i̘	0.000463
1779	e̙	0.000463
1780	t̠n̠	0.000463
1781	ʃʰ	0.000463
1782	mw	0.000463
1783	ʑᶣ	0.000463
1784	lᶣ	0.000463
1785	ŋmʲ	0.000463
1786	br	0.000463
1787	ŋɡː	0.000463
1788	mbː	0.000463
1789	ndː	0.000463
1790	ʔʲː	0.000463
1791	t̠ʃʱ	0.000463
1792	wʱ	0.000463
1793	tʱ	0.000463
1794	tʷʰ	0.000463
1795	pkʰ	0.000463
1796	bɡ	0.000463
1797	pʱ	0.000463
1798	kʷʱ	0.000463
1799	tsʱ	0.000463
1800	eʲ	0.000463
1801	↓˦↓˦	0.000463
1802	sʲʷ	0.000463
1803	a̰ˑ	0.000463
1804	o̰ː	0.000463
1805	o̰ˑ	0.000463
1806	ḭː	0.000463
1807	ɛ̰ː	0.000463
1808	ɛ̰ˑ	0.000463
1809	ɔ̰ˑ	0.000463
1810	ɔ̰ː	0.000463
1811	ḛˑ	0.000463
1812	ḛː	0.000463
1813	o̤ˑ	0.000463
1814	a̰ː	0.000463
1815	ḭˑ	0.000463
1816	l̥ː	0.000463
1817	ɱð	0.000463
1818	uːʌ	0.000463
1819	iːɛ	0.000463
1820	iːe	0.000463
1821	uːa	0.000463
1822	ɰ̃	0.000463
1823	ɤ̃ː	0.000463
1824	d̤z̤	0.000463
1825	mbz	0.000463
1826	psʰ	0.000463
1827	tlʰ	0.000463
1828	n̠̩d̠ʒ	0.000463
1829	d̤ʒ̤	0.000463
1830	d̤ɮ̤	0.000463
1831	ŋ̤ɡǃ	0.000463
1832	b̤z̤	0.000463
1833	n̤ɡ̤	0.000463
1834	ndl	0.000463
1835	b̤v̤	0.000463
1836	ntʼ	0.000463
1837	ɡ̤ǁ	0.000463
1838	ŋ̤ǀ	0.000463
1839	n̤d̤z̤	0.000463
1840	d̠̤ʒ̤	0.000463
1841	ŋǃʼ	0.000463
1842	mpʼ	0.000463
1843	ŋǁʼ	0.000463
1844	ɮ̤	0.000463
1845	ŋ̤ǁ	0.000463
1846	n̠̤d̠̤ʒ	0.000463
1847	mpfʼ	0.000463
1848	ntlʼ	0.000463
1849	ɲ̤ɟ̤	0.000463
1850	ɲcʼ	0.000463
1851	m̤b̤v̤	0.000463
1852	ɣ̤	0.000463
1853	ɡ̤ǀ	0.000463
1854	ŋkʼ	0.000463
1855	ŋ̤ɡ̤	0.000463
1856	l̪ʷ	0.000463
1857	ɳɖr	0.000463
1858	jʔ	0.000463
1859	y̤	0.000463
1860	œ̤	0.000463
1861	rᶣ	0.000463
1862	e̥ː	0.000463
1863	m̪	0.000463
1864	e̥	0.000463
1865	p̪	0.000463
1866	ᶑʼː	0.000463
1867	n̠t̠ʃʷ	0.000463
1868	nˤ	0.000463
1869	nˤː	0.000463
1870	rʼː	0.000463
1871	lʼː	0.000463
1872	rʼ	0.000463
1873	ɡɓ	0.000463
1874	ˀy	0.000463
1875	ʔw	0.000463
1876	dʼkxʼ	0.000463
1877	d̪ʼkxʼ	0.000463
1878	eˤ	0.000463
1879	ɢʰ	0.000463
1880	kʘxʼ	0.000463
1881	ɢʘ	0.000463
1882	ɡǂqʰ	0.000463
1883	ŋʘ	0.000463
1884	ɡǀkxʼ	0.000463
1885	qǀʼ	0.000463
1886	qʘ	0.000463
1887	qǀʰ	0.000463
1888	ˀnʘ	0.000463
1889	ŋ̥ʘ	0.000463
1890	ɴɢǀqʰ	0.000463
1891	kǂxʼ	0.000463
1892	ɡǃkxʼ	0.000463
1893	ɡʘqʰ	0.000463
1894	ɡǀqʰ	0.000463
1895	o̰ʰ	0.000463
1896	qʘʰ	0.000463
1897	ɡǂkxʼ	0.000463
1898	ŋ̥ǀ	0.000463
1899	qʘʼ	0.000463
1900	pʼkxʼ	0.000463
1901	d̪x	0.000463
1902	tʼkxʼ	0.000463
1903	ɴɢǁqʰ	0.000463
1904	ṵʰ	0.000463
1905	qǂʰ	0.000463
1906	qǂʼ	0.000463
1907	ɡǃqʰ	0.000463
1908	ɡʘkxʼ	0.000463
1909	ɡǁkxʼ	0.000463
1910	t̪ʼkxʼ	0.000463
1911	ɡǁqʰ	0.000463
1912	kʘʼ	0.000463
1913	kǂʼ	0.000463
1914	kʘʰ	0.000463
1915	ɴɢǃqʰ	0.000463
1916	qǁʰ	0.000463
1917	qǁʼ	0.000463
1918	ɡʘx	0.000463
1919	ɢǀ	0.000463
1920	ɢǁ	0.000463
1921	ɢǂ	0.000463
1922	ɢǃ	0.000463
1923	ɡʘ	0.000463
1924	a̰ʰ	0.000463
1925	t̪x	0.000463
1926	ɡʼkxʼ	0.000463
1927	qǃʰ	0.000463
1928	ˀnǁ	0.000463
1929	ˀnǀ	0.000463
1930	ˀnǃ	0.000463
1931	ˀnǂ	0.000463
1932	ŋ̥ǂ	0.000463
1933	ŋ̥ǁ	0.000463
1934	qǃʼ	0.000463
1935	qǁ	0.000463
1936	qǀ	0.000463
1937	qǃ	0.000463
1938	qǂ	0.000463
1939	kʘx	0.000463
1940	ŋǃǃʰ	0.000463
1941	kǃǃʼ	0.000463
1942	kǃǃʰ	0.000463
1943	qm	0.000463
1944	kǃǃ	0.000463
1945	ɡǀxʼ	0.000463
1946	ɡǃǃʰ	0.000463
1947	kǃǃx	0.000463
1948	d̠ʒxʼ	0.000463
1949	kǁʼʰ	0.000463
1950	õˤ	0.000463
1951	ɡǃʰ	0.000463
1952	ɡǃxʼ	0.000463
1953	qn	0.000463
1954	ʼŋǃ	0.000463
1955	ʼŋǀ	0.000463
1956	ɡǃǃxʼ	0.000463
1957	ŋǀʰ	0.000463
1958	ʼn	0.000463
1959	ʼm	0.000463
1960	kǃǃxʼ	0.000463
1961	kǀʰʼ	0.000463
1962	tʰʼ	0.000463
1963	ŋǃʰ	0.000463
1964	kǃǃʰʼ	0.000463
1965	ɡǀʰ	0.000463
1966	ɡǃǃ	0.000463
1967	ũˤ	0.000463
1968	ɡǃǃx	0.000463
1969	t̠ʃx	0.000463
1970	kǃʰʼ	0.000463
1971	ɡǁxʼ	0.000463
1972	ŋǃǃ	0.000463
1973	pɸ	0.000463
1974	ŋʰ	0.000463
1975	nθ	0.000463
1976	˥˨˧	0.000463
1977	˧˥˨	0.000463
1978	ɒ̃ː	0.000463
1979	t̪ʃ	0.000463
1980	ɪ̝	0.000463
1981	øɘ	0.000463
1982	eɘ	0.000463
1983	œu	0.000463
1984	œi	0.000463
1985	oɘ	0.000463
1986	ɘi	0.000463
1987	ɪ̝ː	0.000463
1988	hʼ	0.000463
1989	b͉	0.000463
1990	ˀb͉	0.000463
1991	q̚	0.000463
1992	ɡbr	0.000463
1993	kpr	0.000463
1994	ðː	0.000463
1995	ʈɽ	0.000463
1996	ɳɖɽ	0.000463
1997	ɖɽ	0.000463
1998	r̪ː	0.000463
1999	ɸː	0.000463
2000	ɸʰ	0.000463
